{"cameraMode":{"drawMode":0,"name":"Shaded","section":"Shading Mode"},"sceneLighting":false,"audioPlay":false,"sceneViewState":{"showFog":true,"showMaterialUpdate":false,"showSkybox":true,"showFlares":true,"showImageEffects":true,"showParticleSystems":true},"in2DMode":false,"pivot":{"x":-13.371734619140625,"y":2.028289794921875,"z":10.0771484375},"rotation":{"x":-0.009968774393200875,"y":-0.9899010062217712,"z":0.09172681719064713,"w":-0.10762375593185425},"size":1.0402371883392335,"orthographic":true}