{"cameraMode":{"drawMode":0,"name":"Shaded","section":"Shading Mode"},"sceneLighting":false,"audioPlay":false,"sceneViewState":{"showFog":true,"showMaterialUpdate":false,"showSkybox":true,"showFlares":true,"showImageEffects":true,"showParticleSystems":true},"in2DMode":false,"pivot":{"x":-14.13867473602295,"y":1.9844059944152833,"z":9.926801681518555},"rotation":{"x":-0.009968774393200875,"y":-0.9899010062217712,"z":0.09172681719064713,"w":-0.10762375593185425},"size":1.6485366821289063,"orthographic":true}