{"cameraMode":{"drawMode":0,"name":"Shaded","section":"Shading Mode"},"sceneLighting":false,"audioPlay":false,"sceneViewState":{"showFog":true,"showMaterialUpdate":false,"showSkybox":true,"showFlares":true,"showImageEffects":true,"showParticleSystems":true},"in2DMode":false,"pivot":{"x":-2.910379409790039,"y":2.059999942779541,"z":10.675456047058106},"rotation":{"x":-0.4108443856239319,"y":-0.11303418129682541,"z":0.051416054368019107,"w":-0.9032090306282044},"size":22.0,"orthographic":false}