{"cameraMode":{"drawMode":0,"name":"Shaded","section":"Shading Mode"},"sceneLighting":false,"audioPlay":false,"sceneViewState":{"showFog":true,"showMaterialUpdate":false,"showSkybox":true,"showFlares":true,"showImageEffects":true,"showParticleSystems":true},"in2DMode":false,"pivot":{"x":-32.43874740600586,"y":0.21026021242141725,"z":-13.337743759155274},"rotation":{"x":-0.13740397989749909,"y":-0.04752542823553085,"z":0.006600361783057451,"w":-0.989352285861969},"size":4.404901027679443,"orthographic":true}