{"cameraMode":{"drawMode":0,"name":"Shaded","section":"Shading Mode"},"sceneLighting":false,"audioPlay":false,"sceneViewState":{"showFog":true,"showMaterialUpdate":false,"showSkybox":true,"showFlares":true,"showImageEffects":true,"showParticleSystems":true},"in2DMode":false,"pivot":{"x":-5.476668357849121,"y":1.713158369064331,"z":0.6223876476287842},"rotation":{"x":-0.00007182887202361599,"y":0.9995471835136414,"z":-0.02999553270637989,"w":-0.0023971223272383215},"size":2.290966749191284,"orthographic":false}