{"cameraMode":{"drawMode":0,"name":"Shaded","section":"Shading Mode"},"sceneLighting":false,"audioPlay":false,"sceneViewState":{"showFog":true,"showMaterialUpdate":false,"showSkybox":true,"showFlares":true,"showImageEffects":true,"showParticleSystems":true},"in2DMode":false,"pivot":{"x":-0.5817124843597412,"y":1.0054022073745728,"z":2.742804765701294},"rotation":{"x":0.03446274250745773,"y":-0.04196268692612648,"z":0.0014482452534139157,"w":0.9985236525535584},"size":2.724128484725952,"orthographic":true}