{"cameraMode":{"drawMode":0,"name":"Shaded","section":"Shading Mode"},"sceneLighting":true,"audioPlay":false,"sceneViewState":{"showFog":true,"showMaterialUpdate":false,"showSkybox":true,"showFlares":true,"showImageEffects":true,"showParticleSystems":true},"in2DMode":false,"pivot":{"x":-1.77864670753479,"y":1.1620177030563355,"z":1.4274554252624512},"rotation":{"x":0.18778058886528016,"y":-0.3437430262565613,"z":0.07035969942808151,"w":0.9174032807350159},"size":6.141355514526367,"orthographic":true}