{"cameraMode":{"drawMode":0,"name":"Shaded","section":"Shading Mode"},"sceneLighting":false,"audioPlay":false,"sceneViewState":{"showFog":true,"showMaterialUpdate":false,"showSkybox":true,"showFlares":true,"showImageEffects":true,"showParticleSystems":true},"in2DMode":false,"pivot":{"x":1.3880562782287598,"y":1.3365485668182374,"z":2.056527853012085},"rotation":{"x":0.2908836305141449,"y":-0.4483273923397064,"z":0.157027006149292,"w":0.8305009603500366},"size":5.0643181800842289,"orthographic":false}