{"cameraMode":{"drawMode":0,"name":"Shaded","section":"Shading Mode"},"sceneLighting":false,"audioPlay":false,"sceneViewState":{"showFog":true,"showMaterialUpdate":false,"showSkybox":true,"showFlares":true,"showImageEffects":true,"showParticleSystems":true},"in2DMode":false,"pivot":{"x":-4.0991106033325199,"y":1.8335076570510865,"z":-0.18235595524311067},"rotation":{"x":0.0017691891407594085,"y":-0.9970497488975525,"z":0.07281216233968735,"w":0.024229206144809724},"size":2.3716487884521486,"orthographic":false}