{"cameraMode":{"drawMode":0,"name":"Shaded","section":"Shading Mode"},"sceneLighting":false,"audioPlay":false,"sceneViewState":{"showFog":true,"showMaterialUpdate":false,"showSkybox":true,"showFlares":true,"showImageEffects":true,"showParticleSystems":true},"in2DMode":false,"pivot":{"x":0.0000019073486328125,"y":0.27055320143699648,"z":-0.000009059906005859375},"rotation":{"x":0.5939280390739441,"y":0.010859434492886067,"z":-0.008017963729798794,"w":0.8044049739837647},"size":55.34247589111328,"orthographic":false}