{"cameraMode":{"drawMode":0,"name":"Shaded","section":"Shading Mode"},"sceneLighting":false,"audioPlay":false,"sceneViewState":{"showFog":true,"showMaterialUpdate":false,"showSkybox":true,"showFlares":true,"showImageEffects":true,"showParticleSystems":true},"in2DMode":false,"pivot":{"x":0.6451371908187866,"y":1.4521228075027466,"z":9.028913497924805},"rotation":{"x":-0.2751721441745758,"y":-0.7217157483100891,"z":0.4079734683036804,"w":-0.4867897927761078},"size":1.954542636871338,"orthographic":false}