{"cameraMode":{"drawMode":0,"name":"Shaded","section":"Shading Mode"},"sceneLighting":false,"audioPlay":false,"sceneViewState":{"showFog":true,"showMaterialUpdate":false,"showSkybox":true,"showFlares":true,"showImageEffects":true,"showParticleSystems":true},"in2DMode":false,"pivot":{"x":-1.638871192932129,"y":1.7038633823394776,"z":2.20212459564209},"rotation":{"x":-0.21084339916706086,"y":0.5776761174201965,"z":-0.15763866901397706,"w":-0.7726483941078186},"size":2.312507152557373,"orthographic":false}