{"cameraMode":{"drawMode":0,"name":"Shaded","section":"Shading Mode"},"sceneLighting":false,"audioPlay":false,"sceneViewState":{"showFog":true,"showMaterialUpdate":false,"showSkybox":true,"showFlares":true,"showImageEffects":true,"showParticleSystems":true},"in2DMode":false,"pivot":{"x":1.4121124744415284,"y":1.6396763324737549,"z":12.069440841674805},"rotation":{"x":0.010531177744269371,"y":-0.9701069593429565,"z":-0.04281149432063103,"w":-0.23863951861858369},"size":0.2778623700141907,"orthographic":true}