{"cameraMode":{"drawMode":0,"name":"Shaded","section":"Shading Mode"},"sceneLighting":true,"audioPlay":false,"sceneViewState":{"showFog":true,"showMaterialUpdate":false,"showSkybox":true,"showFlares":true,"showImageEffects":true,"showParticleSystems":true},"in2DMode":false,"pivot":{"x":6.389909267425537,"y":1.3383028507232667,"z":3.1507956981658937},"rotation":{"x":-0.04972716420888901,"y":0.9500458836555481,"z":-0.2069687396287918,"w":-0.22826319932937623},"size":2.0865511894226076,"orthographic":true}