{"cameraMode":{"drawMode":0,"name":"Shaded","section":"Shading Mode"},"sceneLighting":false,"audioPlay":false,"sceneViewState":{"showFog":true,"showMaterialUpdate":false,"showSkybox":true,"showFlares":true,"showImageEffects":true,"showParticleSystems":true},"in2DMode":false,"pivot":{"x":-1.5963499546051026,"y":1.4935288429260255,"z":0.25891953706741335},"rotation":{"x":-0.018638532608747484,"y":-0.7831584811210632,"z":0.023501815274357797,"w":-0.6210983395576477},"size":2.6795785427093508,"orthographic":false}