{"cameraMode":{"drawMode":0,"name":"Shaded","section":"Shading Mode"},"sceneLighting":true,"audioPlay":false,"sceneViewState":{"showFog":true,"showMaterialUpdate":false,"showSkybox":true,"showFlares":true,"showImageEffects":true,"showParticleSystems":true},"in2DMode":false,"pivot":{"x":-0.7962111234664917,"y":1.1307005882263184,"z":12.265893936157227},"rotation":{"x":-0.29880571365356448,"y":0.051500849425792697,"z":-0.016151219606399537,"w":-0.952786386013031},"size":11.89103889465332,"orthographic":true}