{"cameraMode":{"drawMode":0,"name":"Shaded","section":"Shading Mode"},"sceneLighting":false,"audioPlay":false,"sceneViewState":{"showFog":true,"showMaterialUpdate":false,"showSkybox":true,"showFlares":true,"showImageEffects":true,"showParticleSystems":true},"in2DMode":false,"pivot":{"x":-3.5999999046325685,"y":7.983741283416748,"z":8.164811134338379},"rotation":{"x":-0.04667949303984642,"y":-0.9226278066635132,"z":0.11827658116817475,"w":-0.3641287386417389},"size":12.858036041259766,"orthographic":false}