{"cameraMode":{"drawMode":0,"name":"Shaded","section":"Shading Mode"},"sceneLighting":false,"audioPlay":false,"sceneViewState":{"showFog":true,"showMaterialUpdate":false,"showSkybox":true,"showFlares":true,"showImageEffects":true,"showParticleSystems":true},"in2DMode":false,"pivot":{"x":1.3200000524520875,"y":21.1200008392334,"z":0.5399999618530273},"rotation":{"x":0.2908836305141449,"y":-0.4483273923397064,"z":0.157027006149292,"w":0.8305009603500366},"size":0.17653846740722657,"orthographic":false}