{"cameraMode":{"drawMode":0,"name":"Shaded","section":"Shading Mode"},"sceneLighting":true,"audioPlay":false,"sceneViewState":{"showFog":true,"showMaterialUpdate":false,"showSkybox":true,"showFlares":true,"showImageEffects":true,"showParticleSystems":true},"in2DMode":false,"pivot":{"x":-5.3874640464782719,"y":1.4437179565429688,"z":0.9343011379241943},"rotation":{"x":0.06454890966415405,"y":0.8979291319847107,"z":-0.1406702995300293,"w":0.4120299518108368},"size":4.783451557159424,"orthographic":true}