{"cameraMode":{"drawMode":0,"name":"Shaded","section":"Shading Mode"},"sceneLighting":true,"audioPlay":false,"sceneViewState":{"showFog":true,"showMaterialUpdate":false,"showSkybox":true,"showFlares":true,"showImageEffects":true,"showParticleSystems":true},"in2DMode":false,"pivot":{"x":1.7189860343933106,"y":1.1446242332458497,"z":9.204291343688965},"rotation":{"x":0.10515235364437103,"y":-0.2513217031955719,"z":0.02747826837003231,"w":0.9617824554443359},"size":20.572193145751954,"orthographic":true}