{"cameraMode":{"drawMode":0,"name":"Shaded","section":"Shading Mode"},"sceneLighting":false,"audioPlay":false,"sceneViewState":{"showFog":true,"showMaterialUpdate":false,"showSkybox":true,"showFlares":true,"showImageEffects":true,"showParticleSystems":true},"in2DMode":false,"pivot":{"x":-0.08489364385604859,"y":1.2851589918136597,"z":-1.5830614566802979},"rotation":{"x":0.2849976718425751,"y":0.6305208802223206,"z":-0.26806819438934328,"w":0.6703426837921143},"size":4.155618667602539,"orthographic":false}