{"cameraMode":{"drawMode":0,"name":"Shaded","section":"Shading Mode"},"sceneLighting":false,"audioPlay":false,"sceneViewState":{"showFog":true,"showMaterialUpdate":false,"showSkybox":true,"showFlares":true,"showImageEffects":true,"showParticleSystems":true},"in2DMode":false,"pivot":{"x":-32.37202072143555,"y":0.2061750590801239,"z":-13.336202621459961},"rotation":{"x":0.0027107619680464269,"y":0.9963560700416565,"z":0.07787378132343292,"w":-0.03468325734138489},"size":1.9142080545425416,"orthographic":true}