{"cameraMode":{"drawMode":0,"name":"Shaded","section":"Shading Mode"},"sceneLighting":false,"audioPlay":false,"sceneViewState":{"showFog":true,"showMaterialUpdate":true,"showSkybox":true,"showFlares":true,"showImageEffects":true,"showParticleSystems":true},"in2DMode":false,"pivot":{"x":1.3200000524520875,"y":21.1200008392334,"z":0.5399999618530273},"rotation":{"x":0.026112724095582963,"y":0.9724459052085877,"z":-0.1884307563304901,"w":0.1347627490758896},"size":0.7144709229469299,"orthographic":false}