{"cameraMode":{"drawMode":0,"name":"Shaded","section":"Shading Mode"},"sceneLighting":true,"audioPlay":false,"sceneViewState":{"showFog":true,"showMaterialUpdate":true,"showSkybox":true,"showFlares":true,"showImageEffects":true,"showParticleSystems":true},"in2DMode":false,"pivot":{"x":4.870797157287598,"y":2.433574676513672,"z":3.966273546218872},"rotation":{"x":0.034440118819475177,"y":0.9647272229194641,"z":-0.16301901638507844,"w":0.20381394028663636},"size":12.901110649108887,"orthographic":false}